id,landmark_id
17660ef415d37059,1
92b6290d571448f6,1
cd41bf948edc0340,1
fb09f1e98c6d2f70,1
25c9dfc7ea69838d,7
28b13f94a6f1f3c1,7
307d6584f473ba35,7
4a7ba9eb16d51bc4,7
597353dfbb3df649,7
a40d00dc4fcc3a10,7
aff1d42de18d9efe,7
c87bbcbf35a41875,7
0193b65bb58d2c77,9
1a30a51a287ecf69,9
1f4e8ab1f1b2321c,9
28267d88d4d9ea30,9
294c5690ad39a48e,9
52ac5040369fc460,9
5f849ade1b4fbcb5,9
86463b5e23adde46,9
899f66ffe9ba3559,9
904efd09f3536f0e,9
a83f150c65ab52fd,9
b88fc57ed9ee91c8,9
c671c4809a90ee0e,9
dd7e7efdace99087,9
e75cc529d7dc7506,9
ea2537ff6259b15b,9
1a6cb1deed46bb17,11
1cc2c8fbc83e1a0c,11
2361b8da868c9113,11
32652480a7d99c5e,11
34533ce2fb47a64f,11
3c79cb8374f8ec83,11
49c20b7fcf95c10d,11
6ad926b79d48e39d,11
6ce47c7c47dd8531,11
73e5aa8fb1eac238,11
8a28e62cfb853e04,11
8be314135f27f76a,11
9aca8d92c54267d7,11
b9ebc781b0cfae45,11
c27520666ce65248,11
c8a0eef7862fbdb9,11
c933667cba57b88c,11
dc0012bbc1004ffd,11
ddd6991e71d5e25c,11
e2fe265fade3c806,11
eb002884433672c3,11
f2b734f50257264b,11
0a199c97c382b1ff,12
1492a5d344495391,12
290097bd36a6b01d,12
2b87d221476447d2,12
2d685b1280ba366b,12
30a8e693c1dae116,12
346204851c3234f5,12
39ae9ce73feeaa81,12
4ea6aed2ce0b2164,12
57175747c275757e,12
65b1d023fd3b351a,12
6aed1ad6270932e7,12
6c18bb0fe1a03eff,12
7930846e49898145,12
7b944679ec3813ee,12
97b35f74c109bd68,12
9c7e6430230cc82f,12
a48926b15f6bd8eb,12
a9cbe5b398593f4e,12
abb32a2249a0c6d4,12
b9fdbe1fd2335305,12
bac6e5726b5d1695,12
bb9f93faea6dcbd8,12
f5aacdd99e5b4966,12
f61eac519341403b,12
21f7272362a212ff,17
4c47d9eb5fcc9f5e,17
9cce4d41d38838a8,17
0be5d581f54d3116,22
121754b8854c9757,22
3238a06ee59d45a2,22
3b4a75d8be516d1d,22
573897534805bdb5,22
6ca7db3599eb1306,22
73a879485fad833f,22
7db26cd9d495e016,22
817eda86f69156e2,22
b3b434023ec14682,22
c8d3f9d7f9554ea9,22
d7f5c503ca323936,22
de349e2abf3bce28,22
f3bbc8bc0b13bc80,22
1a53df48a4bb72b6,23
32e3006e1a7c97b6,23
3b0fc1037ae51b34,23
46bcc1d2a1e84c0d,23
672a136ef3397dd3,23
68fa57eac2e58f82,23
73d8cac706382ffe,23
7617487b24276645,23
77b44ddf74bb8037,23
80449ef1032f28bd,23
857cccddabe92152,23
881a6674a56fe41d,23
89a281d4a7647f80,23
b62b63f9202741f8,23
ba221b7f6ba6d28c,23
cf17ba1e6c160afc,23
de090ff94a09d779,23
fde9dada1a6cbb5e,23
10ea51e8a3b7b11f,24
321cd9012cb17c7d,24
71f7553d71ac4521,24
9633f314b1d0c8cd,24
9644890fe07b27d3,24
a5c68ac1fa48f3f5,24
b3ce5e930d1679b8,24
dde9ede4d17b62b2,24
f42633545c199e7c,24
00cba0067c078490,27
00f928e383e1d121,27
0110a04e618bc368,27
026afdc670937e3b,27
0319627771784e54,27
0362bd7cb1d405e6,27
038450020a8c3338,27
04104ac526aac788,27
043df08d08e77376,27
0494a4b4e535990b,27
04c2c4c721621980,27
053e45337a27d966,27
062b98a7b4dd967a,27
067f2d8ea47a5161,27
06ca57d5e28df171,27
06edfd68c11174ae,27
0730f719e78924e3,27
083dce4eaeaf9fcb,27
0992e5594475a9ab,27
0b3f356651664968,27
0bbfdb08d40a242b,27
0c07eb41d6af5ad5,27
0ef5577a8df204b5,27
0f060fbfb7473137,27
0f5637a32599d8e6,27
0f6266e89052fc37,27
0f8dbc073c087952,27
0fa907fb215b2787,27
0fbf003f9f98fced,27
0fe3952d6771d97a,27
0fe40259e629cf8b,27
0fe7a951a30b11bd,27
102c928650a4f560,27
10ff681a15b7b2f8,27
117569211b0e5a92,27
12b633234eec49a3,27
12e2c369ca5c203d,27
14423bb59be36753,27
146bf41416c70b59,27
14ac60b7008eca8c,27
163356221a1d76d0,27
16b121a3e12e4631,27
16d8b2b135f4fdbb,27
16da8c9f43cc07d1,27
16ed5ec61adc9c92,27
171a3f8da8445eee,27
1766bcbb04f86edf,27
185799a4b587039d,27
18e7dcd6c6f611dd,27
19b4fbd5c0eed1e4,27
1aced71eaac3a0bb,27
1b2be7599942441e,27
1b321106e622ff4b,27
1c19b85b7cf8a846,27
1cb302aef62f3be9,27
1cefa830c638e227,27
1d14a42d41d132fc,27
1d6f5c6478c81b1b,27
1d6f60585e99f03a,27
1dd62cf615dbce34,27
1e89922a656c7d51,27
1fa054ad64314548,27
1fd3d2b58d0250e7,27
1fe5228e28856899,27
2056088b5c7d80a2,27
20e5b4c0d32bb79d,27
21a9106cf71e7031,27
21d7dbec5847d0b6,27
22792706a894361e,27
27a6c15ea3e49198,27
27fc8ad1680d76ae,27
281bcb57ff45005a,27
2873e03760ca2fca,27
28fe3b4d794a1494,27
295b281200fdfaf5,27
299aa08af54ca25b,27
2a8a4d1eea33803d,27
2ab471fb1b4330cb,27
2b472d195da809ac,27
2c4b1e249a30f295,27
2c73a84809af4ed8,27
2c807822ea753fd1,27
2cda397ee54d1bf3,27
2d73545a1139e094,27
2e3b25675c792bfc,27
2eb5bb43c1e8dd75,27
2fbe56407d61dae2,27
3027713ac8bbcfb1,27
30da51de372cc453,27
33212fce2e8ddef4,27
33699537b970b45b,27
350c35dd0e716f5d,27
359be3976d32167d,27
35d6b2fc94ad86f5,27
364950bd3e7d2950,27
36cfe7ffb9bfeb85,27
374ecd216c234dae,27
37ab34895505dc71,27
37edaa4f43576997,27
3a8e9ffccae326f1,27
3b13dc435759205c,27
3b16a3c150687586,27
3b1ffad3da8f584a,27
3b7a8a6a948e68f1,27
3bc2f3685e35e2bd,27
3c1d7c805637fab9,27
3c81520bffca712a,27
3c96dc36412f8009,27
3d04a7e4a3d10110,27
3dae46cbef621791,27
3fce70eaab316d5b,27
4000135476ae4dcb,27
40a3d9ce3d7aee3d,27
40dcba14841a591e,27
40f61d4092fbb711,27
418e0c93dd81e1d1,27
41b56efa5770c162,27
41d5a9a4fadaecf8,27
4288acfdfb2f2661,27
4345fb76911728d0,27
43f2c07453cb4a93,27
444ee26a23ed7e8f,27
44c964676fbc050c,27
453d7cc2bf6458f6,27
458c70cb9ddadb11,27
45a25f2f44680c1a,27
45aa124f9b7506d3,27
45afdfb362b60fa2,27
47046d34edb74d97,27
47257a29394ac73f,27
47b96c19b9f92980,27
485c5e658663df06,27
49567a7236b170ba,27
49a647d4635e56ca,27
49b5dec2840f7dc8,27
49f02cd4b3a105a3,27
4a0dbca59a9cc0a8,27
4a191879b4806968,27
4ad2c8ac09f02b1d,27
4b1b9cb608c95b02,27
4b7eef6d4056a5b3,27
4bbedd1a57040570,27
4be8aa76329f9d8e,27
4dc0fb38605d1118,27
4e5c7e29a874f48f,27
4e7d00d38eaed0cc,27
4ef0883235442d90,27
4f027b21b5223958,27
4f775e1ef6a77321,27
4fbb7fc979759d24,27
506c66350448e094,27
5076976c6a4e7455,27
509f5ea12170fa4b,27
51f247856e63cd46,27
527683b0276945c5,27
52c0573905d01a79,27
534a4d8611307155,27
53ee441a657c337f,27
540d0cab3ab58d77,27
545ac8f3b479192d,27
54d57df631bc3543,27
55b429ddf564f03c,27
5602a9a392fe51d1,27
56231db3f40a77a1,27
564b619fbc46e07b,27
5658c5326df0e455,27
56cae72034671f66,27
5788ba4875eedd34,27
5812bde5de6e63a7,27
583bfda7c239fe60,27
5884e3655b7622ce,27
5ad8551a47efea3e,27
5b381024c05be0e6,27
5be630f93b7a6154,27
5d5db5870b0aa38e,27
5dc159e796bf5c8f,27
5e0aad5f2411fc08,27
5e1d754caf99742b,27
5f6f3bda7751efa5,27
5f7376dfe712f3d6,27
5f7722a768e5cfa8,27
5f9ff1af4b7b674b,27
5ffdeed07f56f8aa,27
6019cd464310f350,27
60aac18efdc3bf7c,27
61d9b889bee7fea1,27
62c723bd8830e982,27
62d0caa23ab29732,27
634b77487e57265f,27
63c8f42420d2c02a,27
63d22a6cf2272e84,27
64148b7a9ae26394,27
645cbefdc7c7b5eb,27
64eb980da4ec3a1b,27
6560bf06eda59e62,27
65c94d1bc28e8fd1,27
65d553d0a12961d6,27
6667a31dfc262318,27
67856648c6310ca3,27
67a9a5a003d13037,27
68df6f306cbe717f,27
695e860c707322c1,27
69a56934390bb973,27
6a45a166527c5c31,27
6bed957c06c2df7b,27
6c114601de3abd60,27
6cb8d12d51a50026,27
6d0d1453ccd30d3e,27
6d8cd7206f18c924,27
6eb1ab72609dda4f,27
6f70b2153ae25495,27
6f7adeac462f9fad,27
7030ea24d4257fbe,27
7082404a049b56f1,27
70c352fd0121cc9a,27
70fa6dfd6ae8fa0a,27
717315c58c2b56c1,27
726317007de28aa5,27
72d3e018234d05a2,27
7336a3063d14fed5,27
74c0eb65c12fe52b,27
7535038458bf9709,27
756f02ef0a89529d,27
75f7877d64633ceb,27
7632e3e69214deff,27
76af704e8c654456,27
76afc9c56439d4e7,27
76f0123b97450f7a,27
77ac57d5dedd719e,27
78cb5b1f14849d07,27
7907db6e3c46a355,27
798abf24663325d9,27
79c865ed64e2dc44,27
7a6e10885f73b198,27
7aa04a096ed68010,27
7ad8d5c2dd274f51,27
7b09ae2c783852a7,27
7ba3566f7f372099,27
7cd07ac43f20886d,27
7d0434b799fae3dd,27
7e118e04766e0bed,27
7e47b47536f8607f,27
7e94f09d152a91cb,27
7f1d0ad82633fce0,27
7feb564c96bb3726,27
800991677bae1162,27
805937658f0fd3d1,27
8080c3a5a111f287,27
814a8facf0c24372,27
8178e8b01c462d4b,27
822f4d7e0bbbe2f9,27
830c8dbf2316615c,27
8323df4b0689d343,27
833e5470a3159c45,27
8366053eabd3cb97,27
83edf329f8eefeea,27
840720e877375c24,27
845ea4cb5f7b1645,27
85176b87cdb6f5d2,27
85687e80aab1b276,27
85e9c43141896593,27
864ecec6cc34b1ee,27
871dba981c60b62f,27
875e0bc3fd2793cd,27
87e37ea4fd19bc85,27
8c419abc17ff4b60,27
8cc222ac607407a7,27
8cc5b1143591d942,27
8cc7efd2a9eb420b,27
8d142e2387619552,27
8e24963d5207015f,27
8e9e439157d2fc0d,27
8ee364a47933a79b,27
8f75ba062ede8f7e,27
8fb6a0f14c54a819,27
8fd97287d98bceec,27
90fe76a3e8d720f3,27
922e5ca529c872a5,27
922fc36fcc76ef45,27
925afd65588df7e1,27
92e5d5c3b8d97afc,27
92fb2e22bf271bbb,27
93742874d50f6111,27
9392644a619dfe16,27
9401a66593a29683,27
963647a534a848c5,27
9669b09c7534cde3,27
9704a15646ec7ddc,27
979734f30b804c80,27
990ce0cc863d9486,27
9999c084c29eb783,27
99b4c93917472d36,27
9b1524c7869f42e0,27
9c0b30e81ceb9527,27
9c0e3261bd47688b,27
9c63d9fc01aad501,27
9c956665f5e43f10,27
9ca786d6f73a84b3,27
9ddf389d92d5776c,27
9e9c5f9142cc9acf,27
9edece7a18f8b6dd,27
9f07dbc2f3ebf718,27
9f1dd13d99904b02,27
9f4a6d4932732cd2,27
9fccdb6f9cba6c60,27
a0818e1222c8f95b,27
a0fd8aee37189929,27
a11842555aad7e05,27
a1e274a98f42b51b,27
a2304b26cdee1988,27
a2344a172747a0f3,27
a2436ab42e36b060,27
a2f4afdddae856a1,27
a3f6cd3700fb114b,27
a42cabe09be662ec,27
a4541d4fdf15c98d,27
a516a42a51641f2a,27
a5b4d66b9da0538d,27
a623d4da4e40cb19,27
a65a0edc9f929d38,27
a736c0e973221fa2,27
a764f743a3a0b02e,27
a7e19c85e6354442,27
a853c3fc7137eabf,27
a85ad68392135558,27
a87afd18a8c44f17,27
ac166a8f09b04a19,27
ad4ddf39e131793a,27
ade9edb339c8003c,27
ae070ff453138e86,27
ae49ba8c852e34c2,27
af1338b90ee15c69,27
af9afccc4bb07d10,27
afb7ffdad1d45225,27
afe88a1f9174217c,27
b0147b5278d9bfd4,27
b100c21f495b8c13,27
b107c03cb89fa783,27
b1a3b02b36beab0b,27
b2beb31e4e033151,27
b2c10fabfb89654a,27
b309b2fe741db193,27
b330c770dc39dc2c,27
b33b3ef0cebba9e1,27
b36b242eb9d55500,27
b3c7ab7e614c61f0,27
b3ff3b769ef57287,27
b4450dffec122c6f,27
b5ddb6570c4515f1,27
b6852ec76bdd604a,27
b6bfbb626f47002e,27
b714f2f1ad214fb2,27
b7465beab2c26118,27
b786aa2a80a8e031,27
b7af62aaf2080b9e,27
b7b205430deb8dc1,27
b87b206e6e8cb0c3,27
b8f35fce8a22b63f,27
b916d65c22a8a132,27
ba0f2dc9f7ae561d,27
ba0f9dd48a272298,27
ba413028e7baeef9,27
ba62c03bdf95a13c,27
babe7b7097b8f24a,27
bafe7a417b7bc113,27
bbb6f58250a99a84,27
bbc30dd373ae078b,27
bc2f0d8afd452375,27
bc777631b4c9c1d7,27
bca30060bea8e992,27
bdd5c2f424f50203,27
be65d89e4dbb3000,27
bec9208e5b3bab50,27
bf4795d65f869b24,27
bfc9107e5a8288cb,27
c042f06720e6b986,27
c1d6f18c16242699,27
c218f842b2ccf96d,27
c3d36c37ca1d8e9b,27
c4de374c40b46ebf,27
c5084fa8435dd1d3,27
c5517ddbb5d35eb1,27
c5658ff563c318ab,27
c582fecd34cdd332,27
c6e05f7e7ef1bf97,27
c74313b74dd3195d,27
c7877f2900a49c79,27
c7ad7bf1988ad34f,27
c91836a5a108330a,27
c945e0a0d8135c0e,27
c96d61cf2277ff9e,27
ca5c0dd9cd3323af,27
ca613db36bd84df4,27
ca9c05d23e0909ed,27
caa7ae9e695610df,27
cadc48e591f98910,27
cb04a2a4bc3d0969,27
cb9548fc23b746b7,27
cbce711cf9119209,27
cc2a627a3b80e97c,27
cd4b1e60f7d9b7ad,27
cde0b0a9beb0cbcd,27
ce4073f9327a0a67,27
ce5b201f67f33016,27
ce5c17ab69541a76,27
ceae4ab3e65f41b6,27
ceb5e5318f569c38,27
d07fc5fa24bb240b,27
d07feb8a52866458,27
d09b44c8a72039ce,27
d138c2b4e23f8ec0,27
d1663a4eff621199,27
d1fcc9077b1db443,27
d24f4a5c653239f6,27
d293603d07331796,27
d357035de6d92005,27
d3865799a459dcf7,27
d3ad55e834a2f5f9,27
d4c74cd596fb42b2,27
d505496540421509,27
d5df6f99bfaccba1,27
d5e6abe8abf540ca,27
d640b8b93981e27c,27
d6f6e93bff464efc,27
d837b98b35629af1,27
d8bf9b6f2737e9b6,27
d8f18d24d47d959b,27
d95daaab36712002,27
d9f1432bf1d5368f,27
da84a3fea44ab3ef,27
dafb9ad3c0c9e6c3,27
dbc62e52a67bc097,27
dbf2bc7f64ec9d2d,27
dcb262ad0ce8b769,27
dce48b18ddbd3ca5,27
dd03d0f544e91424,27
dd0d2ec9273c9fdc,27
dd204022b75cbea0,27
ddd12643b830573f,27
de17552816b25969,27
de466311356cfe37,27
de9a1c29331ece36,27
e03666df4fb03738,27
e0fab0dd8a64054a,27
e11688adf2a41174,27
e20411ef8ca6370c,27
e2cdd09ae8d0bf5b,27
e2d7797ef39fb3eb,27
e2d94efc97f985c1,27
e2f4161236360c9d,27
e331ea04c2153d23,27
e39114d41493b363,27
e4ad8ca0d7b9d795,27
e55696cb30427806,27
e6c9dfdd2eff2110,27
e7b807927cb6d60c,27
e7e17c6cce18f9dd,27
e9813743e14e08bf,27
e986e8e22d78f844,27
e99000ecb9d57f07,27
ea1d6ae273cffc2f,27
eb7be5e0dafdb2bc,27
ec1f3b821cf119c0,27
ec9932fb7de8d09e,27
ecf8efbb34f2c491,27
ed7a897e2b7977ee,27
edb37081be06e70c,27
edd5f8e77857d53a,27
ef6f08cc5cf9272b,27
f0007f1138fb1994,27
f00ec55809a923eb,27
f040c9262930912d,27
f05c9c949ea0b3be,27
f0c53b5a45789147,27
f1912c795f6c2572,27
f28b5f6f4e4d38eb,27
f32873c1a1e53613,27
f360a92f5bf2ea66,27
f3bff300b6ff32d6,27
f3f277441e35b97d,27
f427868c6a2200ac,27
f58f91e6c13c309b,27
f63a8dbeeb34f192,27
f6b0116aec0acf4b,27
f6bb5b968014d659,27
f6d265a0a6cb5738,27
f81ecd2efaf7e113,27
f84b6d116293f292,27
f88b707e2981c1a0,27
f8db65723dd99b0f,27
f90c9d8ca27c4201,27
fa591082c8d3e0d3,27
fa8cb89e3b63f65f,27
fadbc8bbf259ac2e,27
fb19bfe469b67f68,27
fb3f31b29a183c0b,27
fb63f3e9eb0e2598,27
fbc3a38cc72bfae1,27
fcfeddc159a01058,27
fd2cadce8e062e4d,27
fd63ac20d621e1b4,27
fd8eed487e8afc5a,27
fd993635196b8076,27
fdf74bb120e5b9a9,27
9a03db05d8fb4850,29
c612327c67863d9e,29
c6a1efedcd3d2e31,29
d817fd8704dd8888,29
f63679894b04e020,29
358dedd3139da44d,30
485e89cb0d2354f3,30
5d9836c910fbec5a,30
6bc4039ca551781e,30
aca8f10ee62f3dfb,30
be2a1de58c266790,30
0ed140bd26ede4fd,32
17c5ef969cf8d0f4,32
286cba4dd9f52b06,32
3c04d3778ad78023,32
3f049ad94ac800db,32
44eed8633377a97b,32
55eee6c567aa305d,32
5fd85972cf0878cd,32
651b1d6281a5a7ef,32
7c228f7e6f7e1c3e,32
7fa1eaf00e1b0d98,32
8c534c818c564468,32
95a7c45b4a240211,32
a32e091fdbf2b02a,32
c2463caf4aea61f8,32
d977ae8c0fc5fa2f,32
e3cc4611419499e3,32
eab1f07e46b0f153,32
f5c118cd6e9802cc,32
fcfde27a961522ba,32
251bd32b02276e12,34
4e82fa6d354cf064,34
b3842d2afd24f029,34
d8d352d03235e846,34
dfb9b20622ad7544,34
2465f8fa498cf0ea,36
9b85a9da01125605,36
cc1c6a88360561f0,36
022d4bc3b72988eb,37
0d920307064d9e9d,37
0e3d48fc15544946,37
16af1f43e85e7b65,37
22534b768f2291e1,37
26c74098d2b7f3e5,37
2ad708da5c7538e1,37
2fe575a46b02c576,37
343227d393545d6c,37
42e759e571dda620,37
50ee2f98f1da25ed,37
70a34855cd01b58a,37
77b8d7d5fcedabef,37
78f635d43f14b11b,37
889f6a140d3e8659,37
8a1745da51deb16c,37
92841bca5b160766,37
9620e67e259f3946,37
af90aacf48af3ded,37
b9dbc5caeb84df4a,37
d1702337997b1b39,37
d32c69e6b5e58e56,37
dd16d36156c6cafb,37
f0e0967845fdc9bf,37
f6ce28b3e2a665e2,37
fffb9b863c33bea4,37
18a8a786bfd2997e,41
3f93760a90432f46,41
4078076332c1438f,41
44020245251b4f28,41
5b0ff8ccd9bb2cd4,41
5eb8f3c00f366bb4,41
6ca7fd7bd4d1e719,41
756175c3ac9a04e3,41
97485ff7ffa92e14,41
a90a7586704c3daf,41
c0c9c48a1db7f3e1,41
c666545ee862c866,41
df789036a7479b83,41
e1df3fd47c4b7492,41
f10f4e64da556ef1,41
fd0a32e4d30f1789,41
01d1a2461b033111,43
0e2ccd04e9d0dc2e,43
1753e0128ed8de14,43
1bcf03a55ff8a935,43
1d835e20d517b0cb,43
1d85ae5e5a591ff0,43
25b1cbf1436de20d,43
35a51fa09d087788,43
3b809ad2efeeb2fa,43
3cf89dd86efb9080,43
3f6c94b73a991ddb,43
49243c3f276e9391,43
58c5aa3b91c285a7,43
5a4d6e1f881078b7,43
5eb66359da6a4afd,43
63cfc53fe6658097,43
66cd4417e2d76a24,43
6a0249487ad71543,43
6a46d2ef396e7429,43
6dc41919bd3d313d,43
6fbfd1b54b5d67f9,43
74510cd36f7703c9,43
7f1085ebeca1d8a8,43
7f23e8f5b4b3a7e9,43
7f4936425957dc7b,43
83ec579c40e4fbd5,43
9cbd73df7c84a749,43
a67ba49c0397e3eb,43
a765060fe93a919a,43
aa5be2aba1e342db,43
ab8fa8c2dcb23b51,43
b4042adaff7b00f8,43
b5a6ea1ec687bd67,43
badd22b9a1591752,43
bee8cf6a327e7b2b,43
bf28f54baa2181f7,43
c109caf66cf10a37,43
cb1c303931f4f354,43
d7a2803cf37fbf0f,43
e0fc912ba7c298d9,43
e90c70a14a453641,43
ecadb6dd13c4b15c,43
f41774b906728089,43
fdd7d6064d8aac88,43
12bba794fdaa3bca,48
5c73912614084546,48
67fc1c73e12c9822,48
7f3fca45db47a0ad,48
8f55749082b8189e,48
a06a9f4a3a37d990,48
c245df60b0fdfbf2,48
e1ab25e5c62ddd8d,48
e55d5fd2fe8b9621,48
07d498c104e2d08e,50
0d65ba203a2b264a,50
0e58ad5ad4df84ca,50
181866143a552714,50
33adee31378106a4,50
3c5476ea4c4f1ab6,50
74a09ec6b3dcc292,50
7f8b41b6ffa2b57d,50
905376c48b3627b3,50
a980c74fe95c383d,50
dac710c9437ba94d,50
fc1ab8fad00b6eff,50
0a04fa797a67477f,51
a8dc3b7f3367cfe2,51
d1fe33f5ded5120c,51
faa70830ad990daa,51
4916d47c697ae68e,56
d8204ca4f109cf7d,56
eb435eb857adba93,56
f25735a37ad2881f,56
13a5871b7e3c7c4b,58
1732d35535371b4e,58
2d30cde710d4d5a4,58
3e903b6ec572891e,58
3ee548e85ded36fa,58
45081ed37a1998cf,58
534fa69dbb7f4b73,58
76475e1bd4efcac5,58
8adf8480116e878f,58
9c7f4c5296ad9119,58
9e3f44bd5bf90d40,58
b837d32260e34438,58
c82a96cd60503ce8,58
ccf58bfeb853c9ae,58
e18af44ef32ccb92,58
f48a93a8bf8b0306,58
f605eb27237ee6e3,58
fa4044b9722e0c07,58
feeeb1d596dd96d8,58
009ecdb56b5e9adb,60
05288cc25f0aa76b,60
2340bb5393b72ff3,60
257133bcb12bef6e,60
35de21d10eea24f3,60
569eef73ea7203f3,60
6df6945fd17a3f5e,60
834f9711bdccdf4b,60
91847283c9c07a53,60
a273e9e2caa8e4a6,60
b6d8b4653a640855,60
ba8113eb9ef91000,60
d1daa4bfa4f4c00b,60
da627ee37fcfb08b,60
5ed366e252722209,63
5eef9fba688f203c,63
640b4b7cd9433f1d,63
704f596e3f6da1a1,63
b57fcbc03e80fa37,63
b9014eb235f7058a,63
dedd3045e24cba25,63
534f56bcbe6b3e3e,65
57b112dd6f5d7657,65
726309d5434b942c,65
73de7dc2af137840,65
7953eac377b8e942,65
9fb8400dad064add,65
c399df34d8111ed3,65
dd112825ddf610c4,65
e43b259628d999fe,65
f73f26b97135c10c,65
026f0cd6fe830090,66
2befe137cf8864b2,66
5d2a6182f9f4cd8d,66
606ad517a35351bd,66
621078206ca90b26,66
64f8de11eac0bb07,66
8cf86e41a0d15fa7,66
99837b12071a4868,66
9e56fe988a86517c,66
b82527487854660d,66
d000b17f7cc46210,66
d39e4e1b57ae2d79,66
dad519a815b72fb2,66
0df3eaf9cfb8ff9f,72
1bc4dc9601740a1e,72
1bec0f79726008e4,72
29536632df631e07,72
329deec99c87fd1e,72
5948b8b63e7a4d95,72
040b815b89252af3,79
6193238a388864e3,79
835d3ace2d73dd50,79
c4223ebe57470a7e,79
f30a6d2318292988,79
f78d8818a0b135ec,79
1691dba7e5c172e7,81
1d60a9b509e720d1,81
221872a9768e760e,81
227706e1243b74ca,81
2d716cf0f6701c5e,81
41389160451a21ad,81
511e7af5ff0daebd,81
593d618232cf6766,81
6df588efe5309c5c,81
90e7696e392ee435,81
ce826ff396d8c235,81
d2ccc94cf104225e,81
d5a1833d0b2bd7a2,81
d6e14b77d9417858,81
e22fa18fff066003,81
f353b0a14abf811b,81
f9ce45e2a8eb8255,81
1bb87bdf11a91d30,82
1d2331cb2e91c3f4,82
509108ea4e8cdba4,82
5a7da1e391d19c2d,82
6ea9179517db3446,82
8d8e53693b653a86,82
bcf34564dc814e96,82
c2f281ba320167ea,82
d008bbadeba69fd9,82
17cf4e40c077a372,83
31c32d2739376279,83
8864778214987628,83
8f2896ef8749aa24,83
936c639dc8a7d1a2,83
9dbdeca12859eb23,83
ac506623ecde79c5,83
dcf31653cfa3ed71,83
e3760d9b7d6f2ac3,83
feffe570d3ed808f,83
307c2debd1f0a5ba,84
7b2b606be720273d,84
9d29157252f33b8d,84
ee0e8afde92b86e6,84
ffe272a86b78de0c,84
02b7130a6df33d29,87
03b9cf4cdd6c848a,87
1837113b6f7d799a,87
28fbf39dfb775509,87
2dcf4d9ed98c6463,87
482737829c27b652,87
5bafd2236ed5bd69,87
7566b217366be668,87
95bd52c16eee028e,87
a087a755fc35bcd8,87
da133117cfbd51f0,87
db830f68063abdf2,87
0bd21b7648fb890f,89
326d206de52c6501,89
3d8509dadae5750a,89
41e24ab34f369d88,89
81335ff9aa78a010,89
fc17b0ec3b092035,89
0aa584036dc47236,90
0eb3ab94f5b248b9,90
4d1da5d7bd011891,90
70b983234fe3f418,90
99cceaa2fc2acb3f,90
9a31e48cf969f34d,90
abd63007e854bced,90
ae231df420452e75,90
cfb8ebc9f1e90af6,90
dd3c8be5b99b6670,90
e4185662aa42aa00,90
ece0098812d0b1a1,90
eead35a0566ff733,90
0c05a0c3c1e907fd,99
160aa789d6de3216,99
1b8a33957cf526d1,99
1e4b7c6b15325456,99
1f9bf7dfd4b0f6f8,99
22768343b5df4932,99
243b178117eff1e1,99
2c2756b18fe77da5,99
3b6cc0486598516c,99
3b77e1f9bc4f23bb,99
4278b8c6d86955f7,99
4d51d5456d0d1bf5,99
559f8469e5e09d2a,99
5a0bfd2e2c0686eb,99
5bb7d9d1f703a591,99
5dbb1274d2b1d149,99
6337a5719111ceb5,99
78a0a602e5f5c7f9,99
78e166930e37a9cb,99
7cfceb6c5ce45e28,99
811ff5dc52de53d8,99
83d78baf7981a62e,99
84bd7c9e1d0a82a4,99
92fdb17a7e0b6723,99
9333f778305ac229,99
9dee53107557912f,99
a909995e5ca6d428,99
ab9da2f85aa2907a,99
bb25cfbae92531a3,99
ce2e48c1bb1d7087,99
d76767823c9a5f2e,99
dfc13414a1f950a7,99
f0f948cc09e6eeba,99
f4d7a7c4efe14cc6,99
fed1530dd0e06b49,99
48e6d41520d82971,100
4a72eab867446ace,100
4be17023914cfb59,100
52b7310d3a581e2d,100
b7ef58a9e1763bd3,100
badba751bb17f97f,100
cdb5d8d53583a8bc,100
d7c59af6a76c194d,100
ecd77f5d3a7e6b8a,100
f587a71c3cbe8f05,100
307e9b8bac8aa94d,101
3b253d8f6f8f8b94,101
4312fb0842f8bdcf,101
5a6e07045c040f02,101
5b395f6a3177c832,101
823fe1b71c064359,101
9e98bc9d70fe1956,101
a18f76bd4176dccc,101
bf99f1cbadeb88c8,101
ddae1eb7151de215,101
f5ac27d4dfb11b3e,101
fbde5d89d8f2e7a7,101
0fdb9f6c299cb58f,103
144574607df8f2ee,103
203b524b5444b52e,103
34f389e22f1153ca,103
20340651c74b64fe,104
2c9fa433ef9c7e7f,104
654dc6624e0d1850,104
9a0ef8bfb25cc307,104
da48fac8524997ab,104
208260c5929858c5,110
3891f2d77933a7ff,110
be39d5fc067373ff,110
e8171f0731b96cba,110
efb2e4fd6b2be84b,110
097eb9044f50f8f6,111
12a131a926cd6deb,111
8ad0c1ccca45e21c,111
8fafc38f0fb824d2,111
ae5537069b856bc3,111
de8aea5b2509a9cb,111
083d66c51b843699,115
1437a17f7807b1aa,115
1eabd249a553256b,115
1f57b35a5f1f2701,115
29f1cd45da7ba3e9,115
3361c759a1fca3ae,115
4617eedec24cc1f3,115
4871d98dfc997c59,115
4e07a513570589e7,115
6cc16b0aed964917,115
7415fc5682b7b6af,115
7dd1a98777aa401a,115
805cd6b4917d5837,115
83a039a9cc5d3c79,115
8612b82681db78d2,115
864b1a255b7ac1c6,115
8b39c616bd13dfca,115
8d13707f2169b748,115
90d245646c85eb9c,115
938762d75182beeb,115
93b0cc5695609fc2,115
93e73f4d3eb60a59,115
93fefc4db33b0b47,115
98f46605cc12d02a,115
997edd8c619ae9ad,115
997f25848a2ff1e0,115
99a0798516a1f9b8,115
9b99a4ff726ff5f7,115
a2e77cf14beb1055,115
ad957af8b6d5c1de,115
b42677382e0c6d9c,115
b7f463e69347e47f,115
b9c0c8f4293c26d6,115
ba0d2aa0bfd55987,115
c82ba90d560ced50,115
d300f452df7f0e26,115
d63c45f8fd57ed83,115
e0145d2796958f4a,115
e0b581fb72807f77,115
e13d4cf2d418a162,115
e1b44abd64b1e30c,115
e31ae938c9190d37,115
e60542efa69bafa6,115
e6c7b7d6fbec51de,115
e894e082ae24bbe6,115
f3239b14cc5e7b15,115
0f4c787d83ca410b,117
11ea397ff5924af0,117
1d0cffcb2b5b42c4,117
256908dd35f1db1a,117
25a9cdc8a82f4de6,117
4a5233db78b4cfb8,117
525b26c4fbfe788f,117
7b44268dd169899a,117
7ef30e349f65ad97,117
80fbcd5add3f75fc,117
910abd17f8f55eb7,117
9657b9dff198727b,117
abb7cd76d1deaa84,117
b1665c0ae05353fa,117
b6ee82e9a4036ff0,117
b931d7d6b54b1234,117
ba2f1a4ac352a3b7,117
bb2ba5cb8ff4b7ae,117
bd703d4303090ee7,117
c0ecb583628eb776,117
d006184163c73d36,117
db38695b02ec293d,117
dbbe7a035220c1e8,117
de9bf8dde3e882c6,117
e0494e8363f71558,117
e18cf55d11de17b5,117
f90bf5a83a7c3512,117
54c091ea1ffb6ead,118
61633ccb28e40a61,118
72311fbaafffca4e,118
9d09d81ced8fa621,118
ae2b5945129c59b1,118
11531796b70a9506,123
12db53b481f5adf5,123
33432b09b46bef34,123
3483b1f3347837e2,123
6d4315fae1facd1e,123
82d25bee204d0fe2,123
90b9d2de19452d58,123
a0a07665390f7d18,123
b37fcd0c3c00fcea,123
e01b767aaf7bdd9b,123
00d5d47528839144,124
0290300ee78f5329,124
0f13c8cb7651b7b0,124
0f9858a39f69763d,124
11121119f92363bb,124
1edf00817af22fa1,124
23c4706ecd15efe7,124
28709d930a4eacd9,124
2e1d415d2dd978e5,124
2e39d680e492445a,124
3b034d6dcfaaac68,124
3da918596654e270,124
4bc45238507bdf40,124
5014d0b095af45af,124
51a7efdb9c0e189d,124
539eefc589e40518,124
5c082182ff3a7791,124
615a18760dfe02cb,124
6748a978e346715b,124
688456fe34bf656b,124
84217be7cee34bbf,124
8752e77addb1fa50,124
8ae530d577af4d11,124
96cbe68ba031c924,124
a5a42cc99a342493,124
a6692de4579f3600,124
a745825d26db5c99,124
a84216ba34b1092b,124
b593f11954e07ca6,124
bf77f19b100ac987,124
c2e6d74d084d4a09,124
cab4764f1e24c08e,124
cc86e8723cd38015,124
d047cefb86618c2d,124
d711d64b9e2ac672,124
dbc1a74c82687565,124
e34bedfe517124df,124
f6b488c7e76b4029,124
f78077bac80c664e,124
fd1c138118fdb8b7,124
6afb54cd372cffa6,131
b26445ace2e93217,131
e7fcd21fa0bd230b,131
ea2617a3a1377403,131
00e9003a381ab809,134
0743f88112d46ede,134
3142a5134304a45a,134
33070564b076c39f,134
83533c1f29cffed7,134
93db46a271f94cb0,134
aacedb5ccfe297ba,134
ae25a549dfbeb976,134
c166df28f2623205,134
c2f8890ac67ec99f,134
e7000aef54d009d3,134
5de6310dfc818971,135
5f1cc0f71df9dcc8,135
73c8b1eae137ce9c,135
a2aa7cc80bba3fdd,135
e187da1cd46fbeca,135
00024ea6140f4221,136
00b21051d358ca30,136
03798b62c2b2e15d,136
042dfdff7e1f1038,136
0acfa4fab6d26368,136
0c1570a3b26f8661,136
137ca8ff2a9b1b64,136
1755d06cc4648a09,136
18de7eb211a5a2a3,136
1bd9d8ae430ee7f0,136
1c1b3a568edf7dd1,136
23e47d6ddb3205ad,136
243e47a7333e9680,136
288123b342046218,136
299b9e8d31a911bf,136
2d6517afdc49cf2f,136
2ee670509b2df04f,136
3129bd254d6bc9dd,136
31eacab6831c9257,136
3337df26a9929504,136
34be816ce63af96b,136
350c68a972eac985,136
39be5f3ed4b690da,136
3ac1390739d746cd,136
3b59572983c6479c,136
48de0e2c5b3120d0,136
49885ae158cf92ea,136
49f9685bba8f62e0,136
4b334c410ceb8d6c,136
4ba0401a50f9d580,136
4f45e31180f38a24,136
4f4def20bb7c2e2b,136
55237366878237ab,136
5558f090d3dc1d26,136
55a195ef240ea4c7,136
5c7d61796dca0588,136
5e270ed9fc9b5897,136
60551e1d4683cbf2,136
6207314f99e34bee,136
6394e212a6e13e8f,136
64fa09da6bdcc70f,136
666191ed63690fcb,136
66c7a852e5da1afd,136
733e7a3c59dadcb4,136
797d52e9de4225a9,136
7a5782924355e86e,136
7e00c3775d981f85,136
7e5d94f3bb34b085,136
7f90efdce3c11bd9,136
81cdbb8daa3d831b,136
83ef9efd2ba52c6f,136
8542645ba6ea2528,136
875d287ef3c80409,136
94d53ea24a5ff941,136
9565a8165f792961,136
999fd357a3203812,136
a1314de0e826b6b2,136
a5f2e4bcb403d60f,136
a88ee3c3bb79061d,136
ac28fbe6200d931b,136
ad40c1ebd714863d,136
af63120aa9998195,136
b0d75ffdd4502204,136
b22f34532e278975,136
b4d39e1601481d20,136
b5d1049a8febf4cd,136
b6031e0d9995a192,136
c1c9fbf72975bbf3,136
c2662a82074c6680,136
c84aeff3fbde029b,136
ce504d58111a878a,136
d190a533583a2df4,136
dcf0652795cd49e4,136
de8ceb19a82a6831,136
def2e170a64919c7,136
e02b6ba7401f3e8c,136
e945de8e1f4d1cb1,136
ef9da4761279971e,136
f52cf6e710d1750c,136
f98a3de8360b9c80,136
fc5f4354311f81f2,136
ffcbd6234aa3fcb5,136
0b9f525440ae47c9,139
0c67f0a81bc002a0,139
10e8460fe1407f26,139
145ad4dc2a23451e,139
1472333973f73122,139
176fc008a980dc2e,139
179364a5e8e3fdd8,139
2383fca515369f38,139
2d301dd13a6f6372,139
2d54efed2091e59f,139
2f6b261041ba447a,139
343510385e44bae7,139
3821997d8e69b5df,139
48660107b5adb500,139
48f17e53801015e7,139
5240068fb30f5270,139
5568239f50042199,139
55d9dcbaa8b666ad,139
5737ca9ad41b15a5,139
59192cb3e20b112d,139
5f393b795068140a,139
60f2e3dd76f5b6a8,139
63ca0766ec6f77ca,139
66f02f68d6b310ab,139
6a94b17e9bb34820,139
72dd0ff4d672e5f6,139
77d9f50f1f6bafb6,139
7888202537d1cb00,139
7f883cd06d11f922,139
838603b46e6796bb,139
92b8e77327ffed7e,139
93376134276bdcf9,139
98565fc9ff9f7a88,139
98b294598e5f6369,139
9bf59de170c54940,139
a46dd3be38a59656,139
aebd1af65e7f5cc6,139
aeeea34b76c98097,139
be534399ee1efb9c,139
c41a2a9a3fa0967b,139
c6ef3d3aa5f8ee54,139
cdc788a9193ebd4f,139
dc7206cade2e9347,139
df3d525690d48497,139
e0cc9ab7d299b0fd,139
e60f74c02594429c,139
ea70ab88f2a55208,139
f395b26067d0e9cc,139
f7c12025e0031637,139
fdedbc6d57c0ec79,139
0d8bffddb01b8086,141
172ddfffbab94dbc,141
1b7e9c221056ab77,141
2bc4384bf5b030ad,141
3b3b550130db3766,141
3c5383ed9e220b55,141
3d813fd2076c4166,141
40fed469800081b8,141
4b0a03b3da716428,141
5018076a4683f2bb,141
671831d3450d3ab3,141
6dece517c2f5320b,141
7306177e631b2584,141
7492b6e1b7b24aed,141
786638a0fcff7323,141
7c7eaeabfcdc6acb,141
85f6b17ea7677f44,141
89a570935b9da2d9,141
8a044228d7ec19f9,141
ab611c5a3fd87342,141
becaea81a89ca862,141
deaaf5a47e7f69ee,141
f2223079c59709b6,141
f7da23f43252cbbe,141
fdab9b5eb8fccfd5,141
03d7d3a4650eb480,143
69e5a13090c7538d,143
e704dfe97e7028ca,143
06d3a8d8d1c97d39,145
0b14eee369b61097,145
1377ce845a5f3e03,145
13f47abda0c8f1ca,145
15ff02db5029fb63,145
17c8ba923eaf2792,145
18ebcbc79b82de57,145
198c05f05fecfd62,145
1c9d45058b4c4078,145
247b347146da821c,145
2af411a4e67f9d22,145
2b9568be004d9a0d,145
2c69b3f04703c41f,145
2e70c32ed3c0473f,145
2ee618ead08e83e5,145
31d06fada30e7e62,145
39d984a016751ada,145
3d29aff65014e44d,145
3e46723b8b5338d7,145
405ae830e568526c,145
40bad80584940db4,145
4f4226629dedc20a,145
538c4a0c46ff37e4,145
548a26231989a549,145
57f0843213a0a9a3,145
5ba61d6150c54a4e,145
6523c6811eeb2bbb,145
679e4a0173f61bfe,145
68fecd0c3e647796,145
6df735ce59836a24,145
70d5e93c2700c6b3,145
70df86e58e3566c7,145
7f740d76b963f2a6,145
80367bce6e249d6e,145
85936c190a002bfa,145
8888368be6ff9849,145
89ebd35cb9c783a9,145
8c595ec78606f731,145
8ce99881bdb6d24d,145
8dd3cb2859723bfb,145
8e5a5c0fe5d0fac0,145
8ebcbd3e6b0c85dd,145
911872ceb60c974b,145
96bb0393e1f5fdab,145
a31e7a9b328f2cf0,145
a3a17a75b24d73ef,145
a62ba025b253f263,145
acbc13d06a78d7a2,145
ae4584f3f2b92e8f,145
b71b4800fda83516,145
b7c27cf038140cf6,145
b9a70ba84f341b0e,145
baa518d656953648,145
bd8938b2a4ee428b,145
bf7f146264be9e7c,145
c01081991aea0843,145
c39a29e0dfbe3fcf,145
c6c3ad347f51aee0,145
cdaa57c69829bebd,145
d1a2badec932b776,145
d4f2064dc2459cf7,145
d7a7e013eb6704c1,145
dd24e42f65775399,145
de56c4d0da87f75d,145
e01594f5b9ca0a9b,145
e02e362c86f5dbd6,145
e0732042a046a295,145
e181c3a10e55e9f0,145
e316d85d82694c99,145
e70a1d60401c77ef,145
e7666345e80f6108,145
ebbd0bece69436c4,145
ec87786e3e4c9fb7,145
ef1199e4e5bab8d7,145
f5e816f042a64424,145
f716947781bee6f8,145
f7ad9d26164c4b7e,145
f8dc77bb81d56b27,145
faf5e1a530fa7380,145
fdc789cf057aab71,145
fe3ab30d8977f051,145
0e80f47264c9b892,146
5ceabb4fc68d8b96,146
81222303ead6bf85,146
8fa0f377e5001374,146
9c090042b7b11ed4,146
e27f58ad15866fb5,146
ec689357cf23a70d,146
f0ccd6b8a621a115,146
0b291f43492e2317,149
22c713300fea572c,149
2e165e6a4d55c49b,149
3c175fee3cdfbe01,149
4d4336465ea5e513,149
5510ae678fe861de,149
603b7849fcf9159b,149
6065b1a2e3b47d12,149
7b8059cc045b5d36,149
820a18590412bb7d,149
9855164a976f18f2,149
9e4792976bdfef7f,149
a552c37aceddceb2,149
a859424dc38bfc02,149
abe22cc7385d3ba2,149
cb17f45deb3099db,149
cff7a7dfb5e80cfd,149
d81ffb782c45d294,149
5091ac321498cef7,151
6bb1c4676d3ec989,151
8dd2cac464bf8361,151
9cb2162f341b90e1,151
a8fbf5fb133d860a,151
b18e97d05b8c5683,151
076d628cf62bf15d,155
0ae7b712827f3093,155
0da15b45cd04d371,155
150f03a1010c6edf,155
184b1609a63420b2,155
1b24079fa01dcb30,155
1de0174d0a75e405,155
22bfb687297c9ad6,155
2952403301e79845,155
316cee142c088298,155
352793ce421c21a2,155
421c89b2dc4b1f23,155
43073e8254809005,155
4845e3affdc54f76,155
488efde69c05d49d,155
506f0426e521b942,155
618e3b0f5bb216f6,155
652efe789e1b7b81,155
66c1f7df1a4faf82,155
6d7959115ef25edf,155
6dfe803567846b21,155
70fdc6fcf3b75fe3,155
719acdd41630c257,155
7240bd2546cdaf45,155
737b88ea1d60dad3,155
741f1d7b1249bfa7,155
84548578bce7f797,155
96d5046a7769304b,155
a67c169ef9928069,155
ab3a283f7e1ea8af,155
abf0146bfc2e3b14,155
afd8740f0434fe51,155
b0f7edce05f0e840,155
b5381cb302d1b65b,155
b7b9f1f5bbbc614f,155
bf76d92fff4fce26,155
c8f22c5cf774ef93,155
dcbda7aae8297b16,155
df131f6d79f7d2b7,155
e240d5b35b6872c2,155
e6d54930ae0df834,155
f1690a38a2a43303,155
f5077a96f38fe3e9,155
f9c2e0dc29093be3,155
fcfa0be260792675,155
ff1a33c599352eae,155
13cd2f806d5cb691,166
1d476051fe7ac18e,166
23b833c407757944,166
f4f2b18e4f7ef949,166
0b3a6d88f0605008,168
1041e961694bc9ac,168
496f6901461a6117,168
4b11b6a2d94e1cef,168
4f91c0f53a359e79,168
5a777fc73bb54e7e,168
614c5c71c8849bb1,168
75e91a283bc9bfb9,168
9b8e0f4e7c0a1c15,168
a82224eb7f2027f2,168
b2a083b86d448ccc,168
b5f9c95b7d04e49c,168
de263a0abaeae6c9,168
e86fd45be46a553d,168
ee81cf3881af7b0b,168
575d71c5384be54b,172
61928e9991733dbe,172
6d9d27823e15f658,172
7d0bc36d46b13796,172
81b9987d56500112,172
9dce6adee2d71e2a,172
aaebec1e28b7f1b9,172
b24963215aa62004,172
131da9d806ebfdb9,173
278d1026b3c7e6de,173
29f0f85a4fafa3ff,173
655f3d727696a80b,173
91a9b0b9fa10267e,173
96177d8283d36f2c,173
a57cd09abd192ccf,173
cf2d444fa2b83d1c,173
e3782600cc3cbde9,173
eb4a89b43099cec5,173
2c4c8a3038fbec65,174
2f7118ade0a5cfc7,174
39c9a3bd656c00a9,174
68ec46004173d4ef,174
bc82652642bcf3e8,174
ebe302b7a7ca4435,174
c3e7cfa5a04cce3a,175
cdf692dd0f9b6ad1,175
fda50662c2fb2313,175
a5c6b9cfba9cd4a4,177
fe4cb7d0d235cf93,177
2d45bb6327a700b9,178
327ff8157d6e3e61,178
35abf4793ca0713a,178
698bad4579204de6,178
c266378ebb6374db,178
f10ef420b824e3f4,178
f5387f42dea838d5,178
1436f67bf0912de4,183
1aac3695aba4b111,183
34df5949f760e4ac,183
39c2becef56eaaaa,183
60cef5b41ee11de5,183
89fd2b485a214bb7,183
8bdb65ea035f0ba1,183
c77f16b410519425,183
d99ccf2f8926c4db,183
04f2efd7ca5cb272,185
0ace159a8e4511b5,185
115395bfe51dc5c3,185
1224daea872d4dcf,185
1eab62276c70ccc6,185
3531f2dc28df04cb,185
38305da72ea7f4f9,185
4380dd410d5ac4f5,185
4385e35b72104b18,185
6bd8e9f959c7570f,185
6ccf8b2b65c286ff,185
7530ce97ea3ea306,185
8864ec8dce24c24f,185
9ced1d5fe2326e11,185
9e51a81ee07935f2,185
bd2d7711c2b4bfcc,185
bd3fa28ebb9e71ef,185
be6d8ff92cc07924,185
c1ffcbb8987e61f0,185
d5bc40760cf45dca,185
d79fbb482f6e17d7,185
d890e3db0e65409a,185
e27f49dead980061,185
0deafbd56475a59e,187
16d29589cdbcbce1,187
2511b0330c0db42e,187
4a36760800a4a270,187
5e5be406b67516fb,187
8c1c325a47fd2d5c,187
8c73bc0b274650b8,187
9944f17726df8895,187
ac1a2b9c7be58c18,187
b4d4b93a4f8fbfc4,187
e6e8e39979c0d743,187
03d24131ac8dd932,189
086d6aba03eb7036,189
08d89daf271f5f43,189
0e62d7c61453820b,189
0fc60eea2ff335af,189
1761b8a6d75bb717,189
17e008710ae7d081,189
2061bbe7b8a794ae,189
270734f5e8bf816b,189
30c37d0062dcd0a1,189
3739613824cedc77,189
37459ac2d750a7ec,189
37ce77379ea0e108,189
3d327f47076a6016,189
48e082f824f84aaf,189
48f1f1c53d7606a0,189
49d69489b18ded12,189
4db486440c84404a,189
54fd8e7e8beacfa5,189
5fa8e54edc389457,189
68f6248b626a18f1,189
6b5913630f0c995d,189
7d817a22c64959c5,189
85e2b8603a3aac4f,189
890c661303026718,189
8c85eafd95d20758,189
909d30d7886b2577,189
93d9583ab704cf9a,189
94fca3632aff9e13,189
972a100bb5c66db5,189
97fda69195c851ec,189
a5650b0550b10089,189
a625212220fb169a,189
abf5dcfcc4b5832e,189
ace31799afdb34bb,189
b6819118cfbc189c,189
b8fa643892f538a2,189
be9d2ab368ccd392,189
c106914a32096256,189
d2f98acc0766721f,189
d32251cb94f7491c,189
d8844ca892b8ba68,189
db257a928fd9b764,189
de1a04ac98b7a99f,189
e1566adc354588ed,189
e3ddb4ed49ff9c57,189
e4d05b24e0a68a2b,189
eb61efd3ffac7784,189
f1eef8d055523254,189
f5bc2dc07b7f545c,189
f8dbeae018ca851d,189
fc23c7cecb77c91f,189
701a8d95243f9b3e,191
c006a108240c1494,191
0064acfa759f4153,192
00d13816f412d159,192
01ce06a27f0e6031,192
08637cc89784a0b0,192
0f5379dc3b68dec6,192
1172d3d564cef6fc,192
120a226b50c53b73,192
14027a41ec155f5a,192
165599f3c470537f,192
176f67b70a6ba09f,192
1810dd1df021c47f,192
18c8e4aad43c8654,192
19a3f5114e487a33,192
1dc5b34f5b978a57,192
1e46cde653038f18,192
1e91fbbb7fb2b7b6,192
203ee2e1540ec5f9,192
28611e48f2ccdff5,192
2a75637f5514d9f6,192
2d696f98ea29b501,192
2e1c64d4f806fceb,192
2fdefe8c3c014015,192
304a0d3929862818,192
394d391c3cbba8e0,192
398dace332cd3f49,192
3cd86d3ead4f178c,192
3e6a3ed1ad58b257,192
3e9cfb0bd841d652,192
3fe10524145e391d,192
455b39a86bc9a6bb,192
45ec90268cbb23bf,192
46b854efd0e6a9fd,192
48a099a5799f2098,192
496bf9fbff6a2ea0,192
4b1c48fc573cc008,192
4e35c18124ae42d5,192
4f9928fff5e1925f,192
51d0f6317cf4fc02,192
542c52e90a21756a,192
61d4144b4608767c,192
623bf19ebcf1bf29,192
63dd22d4651d5972,192
64285f5032b1b92e,192
6822a2321a5c075a,192
6d117e6d136f74e2,192
6ddd38358ac67c87,192
6e2a228bca963052,192
6ef859585d63b8b6,192
6f45ee867c9561c7,192
70fecf05b1be1446,192
7640e4f86d4dc773,192
768bd19492970ec1,192
76ea8ebc9a7afdbf,192
783df7f330cfd1f1,192
799d983cd4afe70d,192
7d8ad7914d753713,192
7df96570f222f154,192
8121c2ef877f047d,192
8472e6f70209a420,192
8495b5966058e572,192
88d477731804baa2,192
8991eff3d398c47a,192
8b9cff2583f4a8a9,192
8dcb2b2d490b0c4b,192
8eb4c8322f58a2da,192
903b14bfddd3dec9,192
90559e95449e0436,192
90a5da9c3fc941da,192
911c977d990ea6fc,192
97ba2c97c4802349,192
986b1a7d227e9e0f,192
9ca5390e966dac0f,192
a201d08d2d2fb417,192
a41203c3b6ceeb2d,192
a9a175ee759b3fe6,192
acfca46479cfe83c,192
b2ccfb3b3b82737a,192
b39529d6662a7f39,192
b3d728cf940e9813,192
b7b0f6389ee083c7,192
b84d7508a5f24b08,192
ba40bf03c086620a,192
bbe5009a2e6dc211,192
bf8aa76feba04ed5,192
bf995d0ebb65157f,192
c0c09831883042a1,192
c53c7bcdcb4d3062,192
c6e6edf283c836cb,192
c8d04dbc87bfaa4f,192
ccdd5628e803975a,192
ce65d4d70ec5a58f,192
cea432857362f126,192
d35e78ee53cafde0,192
d3d744152e6a6a01,192
d4a0447f67ebeb60,192
d4b9056ca23adedc,192
d4d7ac04c27ff8db,192
d6058dcd7c1eaabe,192
d6cf1a182163d6ea,192
d80646ddaa3d6128,192
d84d589f043b96f7,192
da910b4618b33b18,192
e2c00737cf14b7d5,192
e43ad005b7fbde8f,192
ecbec02e95f091f1,192
edfb8502cef431f2,192
eff05956b87d9e0b,192
f18e582d22c84c4a,192
f1b668437028c122,192
f2a9ac4702e0adb9,192
fd66cd2157134dc3,192
03608c5f6caa36b5,199
23af6a8f851eef5a,199
2ac9c6ab184d119c,199
2c92d491a0af1b45,199
44d1c5f4c2b1aa1a,199
514d52d6e09e103f,199
533539a2bfa7052e,199
5f676757ab355c68,199
72d58a94d8ca5111,199
781bb39a1a7503b8,199
859020ce1d6e422e,199
8de9e17b16886d1a,199
8dedeb6c2884562b,199
a1e7ce124e94e2a6,199
b3bd02efe54c2f81,199
b84ed97aef17a2d2,199
cc756f60653823c2,199
dba52b87e4d07eab,199
